<?xml version="1.0" encoding="UTF-8"?>
<beans xmlns="http://www.springframework.org/schema/beans"
  xmlns:xsi="http://www.w3.org/2001/XMLSchema-instance"
  xmlns:mvc="http://www.springframework.org/schema/mvc"
  xmlns:context="http://www.springframework.org/schema/context"
  xsi:schemaLocation="http://www.springframework.org/schema/beans https://www.springframework.org/schema/beans/spring-beans.xsd
                      http://www.springframework.org/schema/mvc http://www.springframework.org/schema/mvc/spring-mvc.xsd
                      http://www.springframework.org/schema/context http://www.springframework.org/schema/context/spring-context.xsd">

  <!-- Root Context: defines shared resources visible to all other web components -->

  <!-- DataSource Bean -->
  <bean
    id="ds"
    class="oracle.jdbc.pool.OracleDataSource"
    destroy-method="close">
    <property name="dataSourceName" value="ds"/>
    <property name="URL" value="jdbc:oracle:thin:@172.16.3.4:1521:orcl"/>
    <property name="user" value="kasanoba" />
    <property name="password" value="1234" />
  
  </bean>
  
  <!-- MyBatis 프레임워크가 사용할 SqlSessionFactory Bean -->
  <bean id="sqlSessionFactory" class="org.mybatis.spring.SqlSessionFactoryBean">
    <property name="dataSource" ref="ds" />
    <property name="configLocation" value="classpath:/mybatis-config.xml"/>
    <property name="mapperLocations" value="classpath:mappers/*.xml"/>
  </bean>
  
  <!-- MyBatis에서 사용하는 SqlSession Bean -->
  <bean id="sqlSession" class="org.mybatis.spring.SqlSessionTemplate" destroy-method="clearCache">
    <constructor-arg name="sqlSessionFactory" ref="sqlSessionFactory"/>
  </bean>
  
  <!-- Persistence/Service Layer의 컴퍼넌트 클래스들을 bean으로 등록 -->
  <context:component-scan base-package="com.spring.lotto" />

</beans>

