<?xml version="1.0" encoding="UTF-8"?>
<beans:beans xmlns="http://www.springframework.org/schema/mvc"
	xmlns:xsi="http://www.w3.org/2001/XMLSchema-instance"
	xmlns:beans="http://www.springframework.org/schema/beans"
	xmlns:context="http://www.springframework.org/schema/context"
	xsi:schemaLocation="http://www.springframework.org/schema/mvc https://www.springframework.org/schema/mvc/spring-mvc.xsd
		http://www.springframework.org/schema/beans https://www.springframework.org/schema/beans/spring-beans.xsd
		http://www.springframework.org/schema/context https://www.springframework.org/schema/context/spring-context.xsd">

	<!-- DispatcherServlet Context: defines this servlet's request-processing infrastructure -->
	
	<!-- Enables the Spring MVC @Controller programming model -->
	<annotation-driven />

	<!-- Handles HTTP GET requests for /resources/** by efficiently serving up static resources in the ${webappRoot}/resources directory -->
	<resources mapping="/resources/**" location="/resources/" />
  
   <resources mapping="/resources/**" location="/resources/image/" /> <!-- location : 실제 경로 위치-->
   
    <resources mapping="/resources/**" location="/resources/images/" />
   


	<!-- Resolves views selected for rendering by @Controllers to .jsp resources in the /WEB-INF/views directory -->
	<beans:bean class="org.springframework.web.servlet.view.InternalResourceViewResolver">
		<beans:property name="prefix" value="/WEB-INF/views/" />
		<beans:property name="suffix" value=".jsp" />
	</beans:bean>
	
	<context:component-scan base-package="com.spring.lotto" />
  
  <!-- Interceptor 클래스의 인스턴스를 bean으로 관리 -->
  <beans:bean id="loginInterceptor" class="com.spring.lotto.interceptor.LoginInterceptor"/>
  <beans:bean id ="authInterceptor" class="com.spring.lotto.interceptor.AuthInterceptor"/>

   <!-- 인터셉터가 가로챌 URL 매핑 설정 -->	
   <interceptors>
      <interceptor>
        <mapping path="/member/login-post"/>
        <beans:ref bean="loginInterceptor"/>
      </interceptor>
     <interceptor>
          <mapping path="/board/register"/>
          <mapping path="/qnaboard/register"/>
      <mapping path="/main/analysis"/>
      <mapping path="/main/expectation"/>
      <mapping path="/main/expectationlose"/>  
      <mapping path="/member/mypage"/>
      <beans:ref bean="authInterceptor"/>
     </interceptor>
   </interceptors>
	
</beans:beans>
