<?xml version="1.0" encoding="UTF-8"?>
<!DOCTYPE mapper
  PUBLIC "-//mybatis.org//DTD Mapper 3.0//EN"
   "http://mybatis.org/dtd/mybatis-3-mapper.dtd">
   
   <mapper namespace="com.spring.lotto.BoardMapper">
      <select id="select_all" resultType="BoardVO">
      select * from ${free_board} order by ${bno} desc
      </select>
      <!-- 
          resultType : select를 했을 때 레코드 하나의 타입
          원래는 패키지 이름을 포함한전체경로의 클래스 이름을 사용해야 함
          mybatis-config.xml에서 typeAliases 속성에서 package를 
          정의 했기 때문에 클래스 이름만 사용해도 됨
          
          ${free_board} : mybatis-config.xml 파일에서
          "free_board" 프로퍼티에 지정된 값(value)을 읽어 옴
       -->
       <select id="select_by_bno" resultType="BoardVO">
       select * from ${free_board}
       where ${bno} = #{bno}  
       </select>
       <!-- #{} : SpEL(스프링에서 사용하는 Expression Language) -->
       
       <!-- insert into free_board (title, content, userid) -->
       <insert id="insert">
       insert into ${free_board} (${title}, ${content}, ${userid})
       values (#{title}, #{content}, #{userid})
       </insert>
       
       <update id="update">
       update ${free_board}
       set ${title} = #{title}, ${content} = #{content}
       where ${bno} = #{bno}
       </update>
       
       <delete id="delete">
       delete from ${free_board}
       where ${bno} = #{bno}
       </delete>
       
       <select id="select_by_userid" resultType="BoardVO">
       select * from ${free_board}
       where ${userid} like #{userid}
       </select>
       
       <select id="select_by_title_content" resultType="BoardVO">
       select * from ${free_board} 
       where ${title} like #{keyword} or
                    ${content} like #{keyword}
       order by ${bno} desc
       </select>
       
       <select id="total_count" resultType="Integer">
       select count(*) total_cnt from free_board
       </select>
       
       <select id="paging" resultType="BoardVO">
           select b.bno, b.title, b.content, b.userId, b.regdate
           from (
              select rownum rn, a.*   
              from (
             select * from free_board order by bno desc
           ) a
       )  b  where rn between #{start} and #{end}
       </select>
       
   </mapper>
   