<?xml version="1.0" encoding="UTF-8"?>
<!DOCTYPE mapper
  PUBLIC "-//mybatis.org//DTD Mapper 3.0//EN"
  "http://mybatis.org/dtd/mybatis-3-mapper.dtd">

<mapper namespace="com.spring.lotto.ReplyMapper">
  <insert id="insert">
    insert into ${free_reply} (${col_bno}, ${col_rtext}, ${col_replier})
    values (#{bno}, #{rtext}, #{replier})
  </insert>  
  
  <select id="select_by_bno" resultType="ReplyVO">
    select * from ${free_reply}
    where ${col_bno} = #{bno}
    order by ${col_rno} desc
  </select>
  
  <update id="update">
    update ${free_reply}
    set ${col_rtext} = #{rtext}
    where ${col_rno} = #{rno}
  </update>
  
  <delete id="delete">
    delete from ${free_reply} 
    where ${col_rno} = #{rno}
  </delete>
  
  <select id="get_bno" resultType="Integer">
    select ${col_bno} from ${free_reply}
    where ${col_rno} = #{rno}
  </select>
  
  
</mapper>